"average math score","average reading score","average reading score-2"
"66.0890000000000000","69.1690000000000000","68.0540000000000000"
